source_label,target_label,source_wikidata,target_wikidata,classification,rules
def:abelian-group,def:basis-for-abelian-group,Q181296,Q810193,FP,D4
def:abelian-group,def:divisible-group,Q181296,Q1782332,FP,D4
def:abelian-group,def:elementary-abelian-p-group,Q181296,Q1017231,FP,D4
def:abelian-group,def:exponent-of-a-finite-group,Q181296,Q32998717,FP,D4
def:abelian-group,def:linearly-independent-group-elements,Q181296,Q27670,FP,D4
def:abelian-group,def:module-over-a-ring,Q181296,Q18848,FP,D4
def:abelian-group,def:p-primary-component-of-an-abelian-group,Q181296,Q286972,FP,D4
def:abelian-group,def:pontryagin-dual,Q181296,Q1632419,FP,D4
def:abelian-group,def:rank-of-a-finitely-generated-abelian-group,Q181296,Q1260803,FP,D4
def:abelian-group,def:ring,Q181296,Q161172,FP,D4
def:abelian-group,def:rng,Q181296,Q17102802,FP,D4
def:abelian-group,def:solvable-group,Q181296,Q759832,FP,D4
def:abelian-group,def:torsion-subgroup,Q181296,Q2293759,FP,D4
def:abelianization,def:pontryagin-dual,Q318598,Q1632419,FP,D4
def:absolute-continuity,def:absolute-continuity-of-measure,Q332504,Q20827138,FP,D4
def:absolute-continuity,def:radon-nikodym-derivative,Q332504,Q1191319,FP,D4
def:absolute-value,def:essentially-bounded,Q120812,Q1969054,FP,D4
def:absolute-value,def:jacobian-determinant,Q120812,Q1474543,FP,D4
def:adjoint-of-a-linear-transformation,def:adjoint-representation-of-a-lie-algebra,Q2858846,Q4379157,FP,D4
def:adjoint-of-a-linear-transformation,def:adjoint-representation-of-a-lie-group,Q2858846,Q1017106,FP,D4
def:adjoint-of-a-linear-transformation,def:inner-automorphism-of-a-lie-algebra,Q2858846,Q1139583,FP,D4
def:adjoint-representation-of-a-lie-algebra,def:adjoint-representation-of-a-lie-group,Q4379157,Q1017106,FP,D4
def:algebra-homomorphism,def:lie-algebra-homomorphism,Q382497,Q3882299,FP,D4
def:algebra-of-subsets,def:abelian-extension,Q246506,,FP,D4
def:algebra-of-subsets,def:abelian-lie-algebra,Q246506,,FP,D4
def:algebra-of-subsets,def:absolute-convergence,Q246506,Q332465,FP,D4
def:algebra-of-subsets,def:absolute-value,Q246506,Q120812,FP,D4
def:algebra-of-subsets,def:adjoint-of-a-linear-transformation,Q246506,Q2858846,FP,D4
def:algebra-of-subsets,def:adjoint-representation-of-a-lie-algebra,Q246506,Q4379157,FP,D4
def:algebra-of-subsets,def:adjoint-representation-of-a-lie-group,Q246506,Q1017106,FP,D4
def:algebra-of-subsets,def:affine-transformations,Q246506,Q382497,FP,D4
def:algebra-of-subsets,def:algebra-homomorphism,Q246506,Q382497,FP,D4
def:algebra-of-subsets,def:algebra-ideal,Q246506,,FP,D4
def:algebra-of-subsets,def:algebra-over-a-field,Q246506,Q1000660,FP,D4
def:algebra-of-subsets,def:algebraic-extension,Q246506,,FP,D4
def:algebra-of-subsets,def:algebraic-integer,Q246506,,FP,D4
def:algebra-of-subsets,def:algebraic-number,Q246506,,FP,D4
def:algebra-of-subsets,def:algebraically-closed,Q246506,,FP,D4
def:algebra-of-subsets,def:associative-algebra,Q246506,Q744960,FP,D4
def:algebra-of-subsets,def:automorphism,Q246506,Q782566,FP,D4
def:algebra-of-subsets,def:banach-algebra,Q246506,,FP,D4
def:algebra-of-subsets,def:center-of-an-algebra,Q246506,,FP,D4
def:algebra-of-subsets,def:centralizer-of-a-lie-algebra,Q246506,,FP,D4
def:algebra-of-subsets,def:character-of-a-representation,Q246506,,FP,D4
def:algebra-of-subsets,def:characteristic-of-a-field,Q246506,,FP,D4
def:algebra-of-subsets,def:complexification-of-a-vector-space,Q246506,Q445569,FP,D4
def:algebra-of-subsets,def:composite-field-extension,Q246506,,FP,D4
def:algebra-of-subsets,def:cyclotomic-field,Q246506,,FP,D4
def:algebra-of-subsets,def:degree-of-field-extension,Q246506,,FP,D4
def:algebra-of-subsets,def:derivation,Q246506,Q451323,FP,D4
def:algebra-of-subsets,def:derived-series-of-a-lie-algebra,Q246506,,FP,D4
def:algebra-of-subsets,def:descending-central-series,Q246506,Q109314515,FP,D4
def:algebra-of-subsets,def:direct-sum-decomposition-of-a-lie-algebra,Q246506,Q13582243,FP,D4
def:algebra-of-subsets,def:direct-sum-of-lie-algebras,Q246506,Q13582243,FP,D4
def:algebra-of-subsets,def:discriminant,Q246506,,FP,D4
def:algebra-of-subsets,def:division-algebra,Q246506,Q1231309,FP,D4
def:algebra-of-subsets,def:dual-representation-of-a-lie-algebra,Q246506,Q3427408,FP,D4
def:algebra-of-subsets,def:equivalent-absolute-values,Q246506,,FP,D4
def:algebra-of-subsets,def:f-conjugate,Q246506,,FP,D4
def:algebra-of-subsets,def:field-embedding,Q246506,,FP,D4
def:algebra-of-subsets,def:field-extension,Q246506,,FP,D4
def:algebra-of-subsets,def:fixed-field,Q246506,,FP,D4
def:algebra-of-subsets,def:fraction-ring,Q246506,,FP,D4
def:algebra-of-subsets,def:frobenius-endomorphism,Q246506,,FP,D4
def:algebra-of-subsets,def:functional,Q246506,Q579600,FP,D4
def:algebra-of-subsets,def:galois-extension,Q246506,,FP,D4
def:algebra-of-subsets,def:galois-group-of-a-polynomial,Q246506,,FP,D4
def:algebra-of-subsets,def:general-linear-algebra,Q246506,Q17521172,FP,D4
def:algebra-of-subsets,def:generate-a-field,Q246506,,FP,D4
def:algebra-of-subsets,def:generate-an-algebra-ideal,Q246506,,FP,D4
def:algebra-of-subsets,def:generate-an-associative-algebra,Q246506,,FP,D4
def:algebra-of-subsets,def:ideal-of-a-lie-algebra,Q246506,Q44649,FP,D4
def:algebra-of-subsets,def:inner-automorphism-of-a-lie-algebra,Q246506,Q1139583,FP,D4
def:algebra-of-subsets,def:invariant-polynomials-under-group-action,Q246506,,FP,D4
def:algebra-of-subsets,def:isotypic-component,Q246506,Q17098238,FP,D4
def:algebra-of-subsets,def:left-algebra-ideal,Q246506,,FP,D4
def:algebra-of-subsets,def:lie-algebra,Q246506,Q664495,FP,D4
def:algebra-of-subsets,def:lie-algebra-homomorphism,Q246506,Q3882299,FP,D4
def:algebra-of-subsets,def:lie-algebra-representation,Q246506,Q1136782,FP,D4
def:algebra-of-subsets,def:lie-correspondence,Q246506,,FP,D4
def:algebra-of-subsets,def:linear-lie-algebra,Q246506,Q16977077,FP,D4
def:algebra-of-subsets,def:linear-transformation,Q246506,Q207643,FP,D4
def:algebra-of-subsets,def:module-over-a-lie-algebra,Q246506,Q18848,FP,D4
def:algebra-of-subsets,def:multiplicative-character,Q246506,Q17099189,FP,D4
def:algebra-of-subsets,def:multiplicative-norm,Q246506,,FP,D4
def:algebra-of-subsets,def:multiplicity-of-simple-module-in-semisimple-module,Q246506,,FP,D4
def:algebra-of-subsets,def:nilpotent-lie-algebra,Q246506,Q15148889,FP,D4
def:algebra-of-subsets,def:non-archimedean-absolute-value,Q246506,,FP,D4
def:algebra-of-subsets,def:normal-extension,Q246506,,FP,D4
def:algebra-of-subsets,def:perfect-field,Q246506,,FP,D4
def:algebra-of-subsets,def:prime-subfield,Q246506,,FP,D4
def:algebra-of-subsets,def:quadratic-field-extension,Q246506,,FP,D4
def:algebra-of-subsets,def:quadratic-integers,Q246506,Q803531,FP,D4
def:algebra-of-subsets,def:quaternion-algebra,Q246506,Q173853,FP,D4
def:algebra-of-subsets,def:quotient-of-lie-algebra-by-ideal,Q246506,Q2589508,FP,D4
def:algebra-of-subsets,def:radical-of-a-lie-algebra,Q246506,,FP,D4
def:algebra-of-subsets,def:right-algebra-ideal,Q246506,,FP,D4
def:algebra-of-subsets,def:schwartz-space,Q246506,Q1369621,FP,D4
def:algebra-of-subsets,def:semisimple-lie-algebra,Q246506,Q2366896,FP,D4
def:algebra-of-subsets,def:semisimple-representation-of-a-lie-algebra,Q246506,Q81376506,FP,D4
def:algebra-of-subsets,def:separable-field,Q246506,,FP,D4
def:algebra-of-subsets,def:simple-field-extension,Q246506,,FP,D4
def:algebra-of-subsets,def:simple-lie-algebra,Q246506,,FP,D4
def:algebra-of-subsets,def:solvability-by-radicals,Q246506,,FP,D4
def:algebra-of-subsets,def:solvable-lie-algebra,Q246506,Q7558992,FP,D4
def:algebra-of-subsets,def:special-linear-algebra,Q246506,Q7574831,FP,D4
def:algebra-of-subsets,def:spectrum,Q246506,,FP,D4
def:algebra-of-subsets,def:splitting-field,Q246506,,FP,D4
def:algebra-of-subsets,def:structure-constants,Q246506,Q7625098,FP,D4
def:algebra-of-subsets,def:subalgebra,Q246506,Q629933,FP,D4
def:algebra-of-subsets,def:symplectic-algebra,Q246506,,FP,D4
def:algebra-of-subsets,def:tensor-product-of-lie-algebra-representations,Q246506,Q48995828,FP,D4
def:algebra-of-subsets,def:topological-field,Q246506,Q10260753,FP,D4
def:algebra-of-subsets,def:transcendental,Q246506,,FP,D4
def:algebra-of-subsets,def:vector-space,Q246506,Q125977,FP,D4
def:algebra-of-subsets,def:vector-subspace,Q246506,Q728435,FP,D4
def:algebraic-extension,def:absolute-convergence,,Q332465,FP,D4
def:algebraic-extension,def:adjoint-representation-of-a-lie-algebra,,Q4379157,FP,D4
def:algebraic-extension,def:adjoint-representation-of-a-lie-group,,Q1017106,FP,D4
def:algebraic-extension,def:algebra-ideal,,,FP,D4
def:algebraic-extension,def:banach-algebra,,,FP,D4
def:algebraic-extension,def:direct-sum-decomposition-of-a-lie-algebra,,Q13582243,FP,D4
def:algebraic-extension,def:dual-representation-of-a-lie-algebra,,Q3427408,FP,D4
def:algebraic-extension,def:general-linear-algebra,,Q17521172,FP,D4
def:algebraic-extension,def:generate-an-algebra-ideal,,,FP,D4
def:algebraic-extension,def:inner-automorphism-of-a-lie-algebra,,Q1139583,FP,D4
def:algebraic-extension,def:invariant-polynomials-under-group-action,,,FP,D4
def:algebraic-extension,def:isotypic-component,,Q17098238,FP,D4
def:algebraic-extension,def:left-algebra-ideal,,,FP,D4
def:algebraic-extension,def:lie-algebra-representation,,Q1136782,FP,D4
def:algebraic-extension,def:lie-correspondence,,,FP,D4
def:algebraic-extension,def:linear-lie-algebra,,Q16977077,FP,D4
def:algebraic-extension,def:multiplicity-of-simple-module-in-semisimple-module,,,FP,D4
def:algebraic-extension,def:quadratic-integers,,Q803531,FP,D4
def:algebraic-extension,def:quaternion-algebra,,Q173853,FP,D4
def:algebraic-extension,def:quotient-of-lie-algebra-by-ideal,,Q2589508,FP,D4
def:algebraic-extension,def:right-algebra-ideal,,,FP,D4
def:algebraic-extension,def:semisimple-representation-of-a-lie-algebra,,Q81376506,FP,D4
def:algebraic-extension,def:solvability-by-radicals,,,FP,D4
def:algebraic-extension,def:special-linear-algebra,,Q7574831,FP,D4
def:algebraic-extension,def:spectrum,,,FP,D4
def:algebraic-extension,def:structure-constants,,Q7625098,FP,D4
def:algebraic-extension,def:subalgebra,,Q629933,FP,D4
def:algebraic-extension,def:symplectic-algebra,,,FP,D4
def:algebraic-extension,def:tensor-product-of-lie-algebra-representations,,Q48995828,FP,D4
def:algebraic-extension,def:transcendental,,,FP,D4
def:associate-elements-in-an-integral-domain,def:adjoint-representation-of-a-lie-group,,Q1017106,FP,D4
def:associative,def:adjoint-representation-of-a-lie-group,Q177251,Q1017106,FP,D4
def:associative,def:division-algebra,Q177251,Q1231309,FP,D4
def:associative,def:faithful-group-action,Q177251,,FP,D4
def:associative,def:generate-an-associative-algebra,Q177251,,FP,D4
def:associative,def:polynomial-ring,Q177251,Q1455652,FP,D4
def:associative,def:quaternion-algebra,Q177251,Q173853,FP,D4
def:associative,def:unique-factorization-domain,Q177251,Q1052579,FP,D4
def:associative-algebra,def:generate-an-associative-algebra,Q744960,,FP,D4
def:automorphism,def:characteristic-subgroup,Q782566,Q747027,FP,D4
def:automorphism,def:fixed-field,Q782566,,FP,D4
def:automorphism,def:galois-extension,Q782566,,FP,D4
def:automorphism,def:semidirect-product,Q782566,Q291126,FP,D4
def:based-topological-space,def:limit-point,,Q858223,FP,D4
def:borel-space,def:borel-function,Q3058218,,FP,D4
def:boundary,def:boundary-points-of-a-manifold,Q875399,Q875399,FP,D4
def:boundary,def:embedded-m-dimensional-manifold-with-boundary,Q875399,Q1333611,FP,D4
def:boundary,def:interior-points-of-a-manifold,Q875399,Q862761,FP,D4
def:boundary,def:orientable,Q875399,Q2748415,FP,D4
def:boundary,def:orientation,Q875399,Q2748415,FP,D4
def:boundary,def:oriented-manifold,Q875399,,FP,D4
def:boundary,def:outward-pointing,Q875399,Q2748415,FP,D4
def:boundary,def:smooth-topological-m-dimensional-manifold-with-boundary,Q875399,Q78338964,FP,D4
def:boundary,def:topological-m-dimensional-manifold-with-boundary,Q875399,Q203920,FP,D4
def:bounded-measure-space,def:essentially-bounded,,Q1969054,FP,D4
def:bounded-measure-space,def:lower-integral,,,FP,D4
def:bounded-measure-space,def:lower-sum,,,FP,D4
def:bounded-measure-space,def:rectifiable,,Q3038340,FP,D4
def:bounded-measure-space,def:riemann-integrable,,Q697181,FP,D4
def:bounded-measure-space,def:totally-bounded,,Q1362228,FP,D4
def:bounded-measure-space,def:upper-integral,,,FP,D4
def:bounded-measure-space,def:upper-sum,,,FP,D4
def:category,def:isomorphism-of-group-representations,Q719395,Q189112,FP,D4
def:category,def:morphism-of-group-representations,Q719395,,FP,D4
def:category,def:stirling-numbers-of-the-second-kind,Q719395,Q2601117,FP,D4
def:cauchy-sequence,def:winding-number,Q217847,,FP,D4
def:centralizer-of-a-subset,def:descending-central-series,Q190629,Q109314515,FP,D4
def:centralizer-of-a-subset,def:lower-central-series,Q190629,Q109314515,FP,D4
def:centralizer-of-a-subset,def:nilpotent-group,Q190629,Q1755242,FP,D4
def:centralizer-of-a-subset,def:nilpotent-lie-algebra,Q190629,Q15148889,FP,D4
def:centralizer-of-a-subset,def:upper-central-series,Q190629,,FP,D4
def:character-of-a-representation,def:multiplicative-character,,Q17099189,FP,D4
def:characteristic-of-a-field,def:characteristic-map-of-open-simplex,,,FP,D4
def:characteristic-of-a-field,def:characteristic-polynomial,,Q849705,FP,D4
def:characteristic-of-a-field,def:lebesgue-integral-of-characteristic-function,,,FP,D4
def:class,def:fundamental-group,Q2138760,Q662830,FP,D4
def:class,def:orientation,Q2138760,Q2748415,FP,D4
def:closed-edge-path,def:alexandroff-space,Q4558786,,FP,D4
def:closed-edge-path,def:algebraically-closed,Q4558786,,FP,D4
def:closed-edge-path,def:boundary-points-of-a-manifold,Q4558786,Q875399,FP,D4
def:closed-edge-path,def:chart,Q4558786,Q3828144,FP,D4
def:closed-edge-path,def:closed-half-space,Q4558786,Q644719,FP,D4
def:closed-edge-path,def:closure,Q4558786,Q320346,FP,D4
def:closed-edge-path,def:compact-linear-transformation,Q4558786,Q1780743,FP,D4
def:closed-edge-path,def:compactly-closed,Q4558786,,FP,D4
def:closed-edge-path,def:differentiability-in-closed-half-space,Q4558786,,FP,D4
def:closed-edge-path,def:discrete-topology,Q4558786,Q91267214,FP,D4
def:closed-edge-path,def:embedded-m-dimensional-manifold-with-boundary,Q4558786,Q1333611,FP,D4
def:closed-edge-path,def:fraction-ring,Q4558786,,FP,D4
def:closed-edge-path,def:interior-points-of-a-manifold,Q4558786,Q862761,FP,D4
def:closed-edge-path,def:left-ring-ideal,Q4558786,Q44649,FP,D4
def:closed-edge-path,def:matrix-lie-group,Q4558786,Q622679,FP,D4
def:closed-edge-path,def:multiplicity-of-simple-module-in-semisimple-module,Q4558786,,FP,D4
def:closed-edge-path,def:normal-extension,Q4558786,,FP,D4
def:closed-edge-path,def:opposite-topology,Q4558786,,FP,D4
def:closed-edge-path,def:partition-of-a-rectangle,Q4558786,,FP,D4
def:closed-edge-path,def:perfect-set,Q4558786,Q7168101,FP,D4
def:closed-edge-path,def:right-ring-ideal,Q4558786,Q44649,FP,D4
def:closed-edge-path,def:ring-of-subsets,Q4558786,Q2064647,FP,D4
def:closed-edge-path,def:t1-space,Q4558786,,FP,D4
def:closed-edge-path,def:topological-m-dimensional-manifold-with-boundary,Q4558786,Q203920,FP,D4
def:closed-edge-path,def:weak-hausdorff,Q4558786,Q7977932,FP,D4
def:closed-edge-path,def:σ-algebra,Q4558786,Q217357,FP,D4
def:commutative,def:abelianization,Q165474,Q318598,FP,D4
def:commutative,def:commutator-subgroup,Q165474,Q522216,FP,D4
def:commutative,def:lower-central-series,Q165474,Q109314515,FP,D4
def:compact,def:compact-symplectic-group,Q381892,Q78484790,FP,D4
def:compact,def:locally-compact-group,Q381892,Q2147620,FP,D4
def:compact,def:locally-finite-graph,Q381892,,FP,D4
def:compact,def:partition-of-unity,Q381892,Q191690,FP,D4
def:compact,def:pontryagin-dual,Q381892,Q1632419,FP,D4
def:compact,def:schwartz-space,Q381892,Q1369621,FP,D4
def:compact,def:sequentially-compact,Q381892,Q1135427,FP,D4
def:complemented-lattice,def:boundary,,Q875399,FP,D4
def:complemented-lattice,def:closed,,Q320357,FP,D4
def:complemented-lattice,def:comeager,,Q97623888,FP,D4
def:complemented-lattice,def:exterior,,Q1322786,FP,D4
def:complemented-lattice,def:orthogonal-complement,,Q1780921,FP,D4
def:complemented-lattice,def:σ-algebra,,Q217357,FP,D4
def:complex-differentiability,def:complex-line-integral,,,FP,D4
def:complex-differentiability,def:critical-point,,Q577705,FP,D4
def:complex-differentiability,def:differential-k-form,,Q1047080,FP,D4
def:complex-differentiability,def:g-harmonic-polynomial,,,FP,D4
def:complex-differentiability,def:gradient,,Q173582,FP,D4
def:complex-differentiability,def:jacobian-determinant,,Q1474543,FP,D4
def:complex-differentiability,def:jacobian-matrix,,Q506041,FP,D4
def:complex-differentiability,def:logarithmic-derivative,,,FP,D4
def:complex-differentiability,def:strong-differential-basis,,,FP,D4
def:complex-differentiability,def:symmetric-derivative,,Q3773126,FP,D4
def:complex-integral,def:haar-integral,,,FP,D4
def:complex-integral,def:lower-integral,,,FP,D4
def:complex-integral,def:rectifiable,,Q3038340,FP,D4
def:complex-integral,def:upper-integral,,,FP,D4
def:complex-integral,def:volume-of-a-rectifiable-set,,Q39297,FP,D4
def:complex-integral,def:volume-of-compact-topological-space,,,FP,D4
def:complex-integral,def:winding-number,,,FP,D4
def:complex-lie-group,def:complex-line-integral,Q5156554,,FP,D4
def:complex-lie-group,def:complex-orthogonal-group,Q5156554,,FP,D4
def:complex-lie-group,def:complex-symplectic-group,Q5156554,,FP,D4
def:complex-lie-group,def:mean-value-property,Q5156554,,FP,D4
def:complex-lie-group,def:multiplicative-character,Q5156554,Q17099189,FP,D4
def:complex-lie-group,def:special-linear-group,Q5156554,Q2140900,FP,D4
def:complex-lie-group,def:unitary-group-representation,Q5156554,,FP,D4
def:complex-lie-group,def:winding-number,Q5156554,,FP,D4
def:complex-numbers,def:complexification-of-a-vector-space,,Q445569,FP,D4
def:complex-numbers,def:matrix,,Q44337,FP,D4
def:complex-numbers,def:multiplicative-character,,Q17099189,FP,D4
def:composite-field-extension,def:transition-function,,,FP,D4
def:conjugate-subgroups,def:conjugacy-classes,,Q1353233,FP,D4
def:conjugate-subgroups,def:unitary-matrix,,Q727103,FP,D4
def:connected-graph,def:connected-component,Q230655,Q91050456,FP,D4
def:connected-graph,def:harmonic-function,Q230655,Q599027,FP,D4
def:connected-graph,def:identity-component,Q230655,Q5988368,FP,D4
def:connected-graph,def:laplacian,Q230655,Q203484,FP,D4
def:connected-graph,def:locally-path-connected,Q230655,Q16671984,FP,D4
def:connected-graph,def:power-set,Q230655,Q205170,FP,D4
def:connected-graph,def:semi-locally-simply-connected,Q230655,Q7449310,FP,D4
def:connected-graph,def:simply-connected,Q230655,Q912058,FP,D4
def:connected-graph,def:totally-disconnected,Q230655,Q1544261,FP,D4
def:continuous,def:uniformly-continuous,Q170058,Q741865,FP,D4
def:contractible,def:contraction-mapping,Q230689,Q515173,FP,D4
def:contracting-sequence-of-sets-in-a-metric-space,def:contraction-mapping,Q1131116,Q515173,FP,D4
def:countable,def:measure-zero,,Q1201815,FP,D4
def:countable,def:partition-of-unity,,Q191690,FP,D4
def:countable,def:second-countable,,Q1363919,FP,D4
def:countable,def:separable-metric-space,,Q680081,FP,D4
def:countable,def:σ-finite,,,FP,D4
def:degree-of-polynomial,def:galois-extension,Q1473607,,FP,D4
def:degree-of-polynomial,def:isolated-singularity,Q1473607,,FP,D4
def:degree-of-polynomial,def:quadratic-field-extension,Q1473607,,FP,D4
def:dense,def:meager,Q673444,Q1747745,FP,D4
def:dense,def:nowhere-dense,Q673444,Q1991405,FP,D4
def:derivation,def:class,Q451323,Q2138760,FP,D4
def:derivation,def:derived-series-of-a-group,Q451323,,FP,D4
def:derivation,def:derived-series-of-a-lie-algebra,Q451323,,FP,D4
def:derivation,def:descending-central-series,Q451323,Q109314515,FP,D4
def:derivation,def:directional-derivative,Q451323,Q383851,FP,D4
def:derivation,def:embedded-m-dimensional-manifold-with-boundary,Q451323,Q1333611,FP,D4
def:derivation,def:embedding,Q451323,Q980509,FP,D4
def:derivation,def:gradient,Q451323,Q173582,FP,D4
def:derivation,def:jacobian-matrix,Q451323,Q506041,FP,D4
def:derivation,def:laplacian,Q451323,Q203484,FP,D4
def:derivation,def:logarithmic-derivative,Q451323,,FP,D4
def:derivation,def:orientation-preserving,Q451323,,FP,D4
def:derivation,def:partial-derivative,Q451323,Q186475,FP,D4
def:derivation,def:radon-nikodym-derivative,Q451323,Q1191319,FP,D4
def:derivation,def:smooth,Q451323,Q868473,FP,D4
def:derivation,def:solvable-lie-algebra,Q451323,Q7558992,FP,D4
def:derivation,def:symmetric-derivative,Q451323,Q3773126,FP,D4
def:derivation,def:tangent-space,Q451323,Q909601,FP,D4
def:determinant,def:lower-sum,Q178546,,FP,D4
def:determinant,def:orientation,Q178546,Q2748415,FP,D4
def:determinant,def:upper-sum,Q178546,,FP,D4
def:determined,def:jacobian-determinant,,Q1474543,FP,D4
def:determined,def:lower-sum,,,FP,D4
def:determined,def:orientation,,Q2748415,FP,D4
def:determined,def:orientation-preserving,,,FP,D4
def:determined,def:special-linear-group,,Q2140900,FP,D4
def:determined,def:special-orthogonal-group,,Q3117934,FP,D4
def:determined,def:special-unitary-group,,Q684363,FP,D4
def:determined,def:upper-sum,,,FP,D4
def:differentiable,def:differential-k-form,Q636889,Q1047080,FP,D4
def:differentiable,def:symmetric-derivative,Q636889,Q3773126,FP,D4
def:dimension-of-vector-space,def:characteristic-map-of-open-simplex,Q929302,,FP,D4
def:dimension-of-vector-space,def:outward-pointing,Q929302,Q2748415,FP,D4
def:dimension-of-vector-space,def:real-projective-space,Q929302,,FP,D4
def:direct-sum-of-modules,def:complete-reducibility,Q1142861,,FP,D4
def:direct-sum-of-modules,def:direct-sum-decomposition-of-a-lie-algebra,Q1142861,Q13582243,FP,D4
def:direct-sum-of-modules,def:isotypic-component,Q1142861,Q17098238,FP,D4
def:direct-sum-of-modules,def:multiplicity-of-simple-module-in-semisimple-module,Q1142861,,FP,D4
def:direct-sum-of-modules,def:semisimple-representation-of-a-lie-algebra,Q1142861,Q81376506,FP,D4
def:distributed-lattice,def:algebra-over-a-field,,Q1000660,FP,D4
def:distributed-lattice,def:field,,Q190109,FP,D4
def:distributed-lattice,def:vector-space,,Q125977,FP,D4
def:divisible-group,def:division-algebra,Q1782332,Q1231309,FP,D4
def:divisible-group,def:division-in-a-ring,Q1782332,Q1226939,FP,D4
def:divisible-group,def:division-ring,Q1782332,Q650741,FP,D4
def:divisible-group,def:field,Q1782332,Q190109,FP,D4
def:divisible-group,def:prime-number,Q1782332,Q49008,FP,D4
def:dual-space,def:pontryagin-dual,Q752487,Q1632419,FP,D4
def:endomorphism,def:frobenius-endomorphism,Q1340800,,FP,D4
def:equivalent-absolute-values,def:baire-space,,,FP,D4
def:equivalent-absolute-values,def:closed,,Q320357,FP,D4
def:equivalent-absolute-values,def:continuous,,Q170058,FP,D4
def:equivalent-absolute-values,def:contractible,,Q230689,FP,D4
def:equivalent-absolute-values,def:dense,,Q673444,FP,D4
def:equivalent-absolute-values,def:fundamental-group,,Q662830,FP,D4
def:equivalent-absolute-values,def:galois-extension,,,FP,D4
def:equivalent-absolute-values,def:general-linear-group,,Q524607,FP,D4
def:equivalent-absolute-values,def:generate-a-topology,,,FP,D4
def:equivalent-absolute-values,def:harmonic-function,,Q599027,FP,D4
def:equivalent-absolute-values,def:identity-component,,Q5988368,FP,D4
def:equivalent-absolute-values,def:isomorphism-of-lie-groups,,Q189112,FP,D4
def:equivalent-absolute-values,def:left-algebra-ideal,,,FP,D4
def:equivalent-absolute-values,def:normal-extension,,,FP,D4
def:equivalent-absolute-values,def:nowhere-dense,,Q1991405,FP,D4
def:equivalent-absolute-values,def:orientation,,Q2748415,FP,D4
def:equivalent-absolute-values,def:perfect-set,,Q7168101,FP,D4
def:equivalent-absolute-values,def:prime-number,,Q49008,FP,D4
def:equivalent-absolute-values,def:projection,,Q519967,FP,D4
def:equivalent-absolute-values,def:quadratic-integers,,Q803531,FP,D4
def:equivalent-absolute-values,def:quotient-of-topological-spaces,,Q1139111,FP,D4
def:equivalent-absolute-values,def:quotient-vector-space,,Q1393796,FP,D4
def:equivalent-absolute-values,def:real-projective-space,,,FP,D4
def:equivalent-absolute-values,def:right-algebra-ideal,,,FP,D4
def:equivalent-absolute-values,def:transcendental,,,FP,D4
def:equivalent-absolute-values,def:σ-finite,,,FP,D4
def:essential-infimum,def:essentially-bounded,Q1969054,Q1969054,FP,D4
def:free-group,def:free-group-action,Q431078,,FP,D4
def:free-group,def:rank-of-a-module,Q431078,,FP,D4
def:free-group,def:tensor-product-of-vector-spaces,Q431078,,FP,D4
def:free-group,def:torsion-free-module,Q431078,Q7827200,FP,D4
def:free-module,def:complexification-of-a-vector-space,Q1292333,Q445569,FP,D4
def:free-module,def:dimension-of-vector-space,Q1292333,Q929302,FP,D4
def:free-module,def:generate-a-topology,Q1292333,,FP,D4
def:free-module,def:hamel-basis,Q1292333,Q189569,FP,D4
def:free-module,def:product-topology,Q1292333,,FP,D4
def:free-module,def:structure-constants,Q1292333,Q7625098,FP,D4
def:free-module,def:symmetric-derivative,Q1292333,Q3773126,FP,D4
def:free-module,def:symplectic-algebra,Q1292333,,FP,D4
def:functional,def:almost-uniform-convergence,Q579600,Q25377974,FP,D4
def:functional,def:analytic-function,Q579600,,FP,D4
def:functional,def:baire-class,Q579600,Q2976036,FP,D4
def:functional,def:borel-function,Q579600,,FP,D4
def:functional,def:category-of-topological-spaces,Q579600,,FP,D4
def:functional,def:character-of-a-representation,Q579600,,FP,D4
def:functional,def:character-table,Q579600,Q11498021,FP,D4
def:functional,def:class,Q579600,Q2138760,FP,D4
def:functional,def:compact-support,Q579600,,FP,D4
def:functional,def:complex-integral,Q579600,,FP,D4
def:functional,def:complex-line-integral,Q579600,,FP,D4
def:functional,def:component-function,Q579600,,FP,D4
def:functional,def:continuous,Q579600,Q170058,FP,D4
def:functional,def:continuous-group-representation,Q579600,,FP,D4
def:functional,def:contraction-mapping,Q579600,Q515173,FP,D4
def:functional,def:convergence-in-measure,Q579600,Q768656,FP,D4
def:functional,def:diffeomorphism,Q579600,Q1058314,FP,D4
def:functional,def:differentiability-in-closed-half-space,Q579600,,FP,D4
def:functional,def:differentiable,Q579600,Q636889,FP,D4
def:functional,def:directional-derivative,Q579600,Q383851,FP,D4
def:functional,def:embedded-m-dimensional-manifold,Q579600,Q203920,FP,D4
def:functional,def:embedding,Q579600,Q980509,FP,D4
def:functional,def:essential-supremum,Q579600,Q1969054,FP,D4
def:functional,def:graph-of-a-function,Q579600,Q182598,FP,D4
def:functional,def:harmonic-function,Q579600,Q599027,FP,D4
def:functional,def:harmonic-polynomial,Q579600,,FP,D4
def:functional,def:homeomorphism,Q579600,Q202906,FP,D4
def:functional,def:isolated-singularity,Q579600,,FP,D4
def:functional,def:isometry,Q579600,Q740207,FP,D4
def:functional,def:jacobian-determinant,Q579600,Q1474543,FP,D4
def:functional,def:l2-inner-product-on-group-functions,Q579600,,FP,D4
def:functional,def:laurent-series,Q579600,,FP,D4
def:functional,def:lebesgue-integral,Q579600,,FP,D4
def:functional,def:lebesgue-integral-of-a-simple-function,Q579600,,FP,D4
def:functional,def:lebesgue-integral-of-characteristic-function,Q579600,,FP,D4
def:functional,def:lebesgue-measurable-function,Q579600,Q516776,FP,D4
def:functional,def:logarithmic-derivative,Q579600,,FP,D4
def:functional,def:lower-integral,Q579600,,FP,D4
def:functional,def:lower-sum,Q579600,,FP,D4
def:functional,def:lp-space,Q579600,Q305936,FP,D4
def:functional,def:lusin-function,Q579600,Q1361393,FP,D4
def:functional,def:mean-value-property,Q579600,,FP,D4
def:functional,def:measurable-function,Q579600,Q516776,FP,D4
def:functional,def:measure-space,Q579600,Q3058212,FP,D4
def:functional,def:metric-space,Q579600,Q180953,FP,D4
def:functional,def:negative-variation,Q579600,,FP,D4
def:functional,def:orientation,Q579600,Q2748415,FP,D4
def:functional,def:p-norm,Q579600,,FP,D4
def:functional,def:partial-derivative,Q579600,Q186475,FP,D4
def:functional,def:partition-of-unity,Q579600,Q191690,FP,D4
def:functional,def:path,Q579600,Q1366002,FP,D4
def:functional,def:path-connected,Q579600,Q3487687,FP,D4
def:functional,def:positive-variation,Q579600,,FP,D4
def:functional,def:projection,Q579600,Q519967,FP,D4
def:functional,def:quotient-of-topological-spaces,Q579600,Q1139111,FP,D4
def:functional,def:radon-nikodym-derivative,Q579600,Q1191319,FP,D4
def:functional,def:rectifiable,Q579600,Q3038340,FP,D4
def:functional,def:residue,Q579600,,FP,D4
def:functional,def:riemann-integrable,Q579600,Q697181,FP,D4
def:functional,def:schwartz-space,Q579600,Q1369621,FP,D4
def:functional,def:signed-measure,Q579600,Q1764371,FP,D4
def:functional,def:simple-function,Q579600,Q913022,FP,D4
def:functional,def:simple-region,Q579600,,FP,D4
def:functional,def:smooth,Q579600,Q868473,FP,D4
def:functional,def:smooth-topological-m-dimensional-manifold-with-boundary,Q579600,Q78338964,FP,D4
def:functional,def:tangent-space,Q579600,Q909601,FP,D4
def:functional,def:total-variation,Q579600,Q1936288,FP,D4
def:functional,def:transition-function,Q579600,,FP,D4
def:functional,def:uniformly-continuous,Q579600,Q741865,FP,D4
def:functional,def:upper-integral,Q579600,,FP,D4
def:functional,def:upper-sum,Q579600,,FP,D4
def:functional,def:volume-of-a-rectifiable-set,Q579600,Q39297,FP,D4
def:functional,def:volume-of-compact-topological-space,Q579600,,FP,D4
def:functional,def:σ-finite,Q579600,,FP,D4
def:generate-a-ring-ideal,def:basis-for-abelian-group,,Q810193,FP,D4
def:generate-a-ring-ideal,def:borel-σ-algebra,,Q1080067,FP,D4
def:generate-a-ring-ideal,def:commutator-subgroup,,Q522216,FP,D4
def:generate-a-ring-ideal,def:cycle,,Q212130,FP,D4
def:generate-a-ring-ideal,def:cyclotomic-field,,,FP,D4
def:generate-a-ring-ideal,def:degree-of-field-extension,,,FP,D4
def:generate-a-ring-ideal,def:exterior-power-of-a-vector-space,,Q13408581,FP,D4
def:generate-a-ring-ideal,def:finitely-generated-r-module,,Q1340572,FP,D4
def:generate-a-ring-ideal,def:free-module,,Q1292333,FP,D4
def:generate-a-ring-ideal,def:metric-space,,Q180953,FP,D4
def:generate-a-ring-ideal,def:normal-extension,,,FP,D4
def:generate-a-ring-ideal,def:order-of-a-group-element,,Q54555759,FP,D4
def:generate-a-ring-ideal,def:prime-subfield,,,FP,D4
def:generate-a-ring-ideal,def:product-measure,,Q1572094,FP,D4
def:generate-a-ring-ideal,def:product-topology,,,FP,D4
def:generate-a-ring-ideal,def:simple-field-extension,,,FP,D4
def:generate-a-ring-ideal,def:symmetric-power-of-vector-spaces,,,FP,D4
def:generate-a-ring-ideal,def:tensor-product-of-vector-spaces,,,FP,D4
def:generate-an-associative-algebra,def:associate-elements-in-an-integral-domain,,,FP,D4
def:generate-an-associative-algebra,def:basis-for-abelian-group,,Q810193,FP,D4
def:generate-an-associative-algebra,def:borel-σ-algebra,,Q1080067,FP,D4
def:generate-an-associative-algebra,def:commutator-subgroup,,Q522216,FP,D4
def:generate-an-associative-algebra,def:cyclotomic-field,,,FP,D4
def:generate-an-associative-algebra,def:degree-of-field-extension,,,FP,D4
def:generate-an-associative-algebra,def:exterior-power-of-a-vector-space,,Q13408581,FP,D4
def:generate-an-associative-algebra,def:metric-space,,Q180953,FP,D4
def:generate-an-associative-algebra,def:normal-extension,,,FP,D4
def:generate-an-associative-algebra,def:prime-element-of-an-integral-domain,,Q240651,FP,D4
def:generate-an-associative-algebra,def:prime-subfield,,,FP,D4
def:generate-an-associative-algebra,def:product-measure,,Q1572094,FP,D4
def:generate-an-associative-algebra,def:product-topology,,,FP,D4
def:generate-an-associative-algebra,def:simple-field-extension,,,FP,D4
def:generate-an-associative-algebra,def:symmetric-power-of-vector-spaces,,,FP,D4
def:generate-an-associative-algebra,def:tensor-product-of-vector-spaces,,,FP,D4
def:graph-of-a-function,def:locally-finite-graph,Q182598,,FP,D4
def:group,def:abelian-extension,Q83478,,FP,D4
def:group,def:abelianization,Q83478,Q318598,FP,D4
def:group,def:adjoint-representation-of-a-lie-group,Q83478,Q1017106,FP,D4
def:group,def:alternating-group,Q83478,Q438814,FP,D4
def:group,def:basis-for-abelian-group,Q83478,Q810193,FP,D4
def:group,def:compact-lie-group,Q83478,,FP,D4
def:group,def:complex-lie-group,Q83478,Q5156554,FP,D4
def:group,def:complex-orthogonal-group,Q83478,,FP,D4
def:group,def:continuous-group-representation,Q83478,,FP,D4
def:group,def:cycle,Q83478,Q212130,FP,D4
def:group,def:cycle-type,Q83478,,FP,D4
def:group,def:fundamental-group,Q83478,Q662830,FP,D4
def:group,def:g-harmonic-polynomial,Q83478,,FP,D4
def:group,def:galois-group-of-a-polynomial,Q83478,,FP,D4
def:group,def:haar-integral,Q83478,,FP,D4
def:group,def:homomorphism-of-lie-groups,Q83478,Q868169,FP,D4
def:group,def:identity-component,Q83478,Q5988368,FP,D4
def:group,def:induced-homomorphism-on-fundamental-group,Q83478,,FP,D4
def:group,def:irreducible-representation,Q83478,Q13690522,FP,D4
def:group,def:isomorphism-of-group-representations,Q83478,Q189112,FP,D4
def:group,def:isomorphism-of-lie-groups,Q83478,Q189112,FP,D4
def:group,def:l2-inner-product-on-group-functions,Q83478,,FP,D4
def:group,def:lie-correspondence,Q83478,,FP,D4
def:group,def:linearly-independent-group-elements,Q83478,Q27670,FP,D4
def:group,def:locally-compact-group,Q83478,Q2147620,FP,D4
def:group,def:primitive-root-of-unity,Q83478,,FP,D4
def:group,def:ring-homomorphism,Q83478,Q1194212,FP,D4
def:group,def:schur-polynomials,Q83478,,FP,D4
def:group,def:semi-locally-simply-connected,Q83478,Q7449310,FP,D4
def:group,def:simply-connected,Q83478,Q912058,FP,D4
def:group,def:symmetric-group,Q83478,Q849512,FP,D4
def:group,def:unitary-group-representation,Q83478,,FP,D4
def:group,def:young-subgroup,Q83478,,FP,D4
def:group-action-invariants,def:haar-integral,Q217608,,FP,D4
def:group-action-invariants,def:invariant-polynomials-under-group-action,Q217608,,FP,D4
def:group-action-invariants,def:invariant-subspace,Q217608,Q2706744,FP,D4
def:group-representation,def:adjoint-representation-of-a-lie-algebra,Q1055807,Q4379157,FP,D4
def:group-representation,def:adjoint-representation-of-a-lie-group,Q1055807,Q1017106,FP,D4
def:group-representation,def:character-table,Q1055807,Q11498021,FP,D4
def:group-representation,def:dual-representation-of-a-lie-algebra,Q1055807,Q3427408,FP,D4
def:group-representation,def:inner-automorphism-of-a-lie-algebra,Q1055807,Q1139583,FP,D4
def:group-representation,def:isotypic-component,Q1055807,Q17098238,FP,D4
def:group-representation,def:schur-polynomials,Q1055807,,FP,D4
def:group-representation,def:semisimple-representation-of-a-lie-algebra,Q1055807,Q81376506,FP,D4
def:group-representation,def:tensor-product-of-lie-algebra-representations,Q1055807,Q48995828,FP,D4
def:holomorphic,def:complex-differentiability,,,FP,D4
def:image,def:compactly-closed,Q860623,,FP,D4
def:image,def:lusin-function,Q860623,Q1361393,FP,D4
def:image,def:quotient-of-topological-spaces,Q860623,Q1139111,FP,D4
def:image,def:rank,Q860623,Q656784,FP,D4
def:infimum,def:essential-infimum,,Q1969054,FP,D4
def:inner-product,def:hilbert-space,Q23924662,Q190056,FP,D4
def:inner-product,def:l2-inner-product-on-group-functions,Q23924662,,FP,D4
def:inner-product,def:orthonormal,Q23924662,Q1411166,FP,D4
def:interval,def:component-interval,Q185148,,FP,D4
def:interval,def:mesh,Q185148,,FP,D4
def:interval,def:subinterval,Q185148,,FP,D4
def:interval,def:subrectangle,Q185148,,FP,D4
def:interval,def:volume,Q185148,Q39297,FP,D4
def:interval,def:width,Q185148,Q35059,FP,D4
def:inverse-function,def:compactly-closed,Q191884,,FP,D4
def:inverse-function,def:complex-orthogonal-group,Q191884,,FP,D4
def:inverse-function,def:diffeomorphism,Q191884,Q1058314,FP,D4
def:inverse-function,def:division-algebra,Q191884,Q1231309,FP,D4
def:inverse-function,def:field,Q191884,Q190109,FP,D4
def:inverse-function,def:generating-set-of-a-group,Q191884,Q734209,FP,D4
def:inverse-function,def:group,Q191884,Q83478,FP,D4
def:inverse-function,def:inverse-element,Q191884,Q338057,FP,D4
def:inverse-function,def:left-inverse-element,Q191884,Q338057,FP,D4
def:inverse-function,def:quotient-of-topological-spaces,Q191884,Q1139111,FP,D4
def:inverse-function,def:right-inverse-element,Q191884,Q338057,FP,D4
def:inverse-function,def:subgroup,Q191884,Q466109,FP,D4
def:inverse-function,def:topological-field,Q191884,Q10260753,FP,D4
def:inverse-function,def:topological-group,Q191884,Q1046291,FP,D4
def:inverse-function,def:unit-of-a-ring,Q191884,Q118084,FP,D4
def:inverse-function,def:unitary-matrix,Q191884,Q727103,FP,D4
def:inverse-function,def:vector-space,Q191884,Q125977,FP,D4
def:irreducible-representation,def:unique-factorization-domain,Q13690522,Q1052579,FP,D4
def:kernel-of-group-homomorphism,def:alternating-group,,Q438814,FP,D4
def:kernel-of-group-homomorphism,def:nullity,,Q2914509,FP,D4
def:kernel-of-group-homomorphism,def:tangent-space,,Q909601,FP,D4
def:lattice-complement,def:boundary,,Q875399,FP,D4
def:lattice-complement,def:closed,,Q320357,FP,D4
def:lattice-complement,def:comeager,,Q97623888,FP,D4
def:lattice-complement,def:exterior,,Q1322786,FP,D4
def:lattice-complement,def:orthogonal-complement,,Q1780921,FP,D4
def:lattice-complement,def:σ-algebra,,Q217357,FP,D4
def:lebesgue-integral,def:analytic-function,,,FP,D4
def:lebesgue-integral,def:baire-property,,Q803931,FP,D4
def:lebesgue-integral,def:boundary-points-of-a-manifold,,Q875399,FP,D4
def:lebesgue-integral,def:cauchy-sequence,,Q217847,FP,D4
def:lebesgue-integral,def:class,,Q2138760,FP,D4
def:lebesgue-integral,def:continuous,,Q170058,FP,D4
def:lebesgue-integral,def:contraction-mapping,,Q515173,FP,D4
def:lebesgue-integral,def:critical-value,,Q3754024,FP,D4
def:lebesgue-integral,def:differentiable,,Q636889,FP,D4
def:lebesgue-integral,def:directional-derivative,,Q383851,FP,D4
def:lebesgue-integral,def:embedded-m-dimensional-manifold,,Q203920,FP,D4
def:lebesgue-integral,def:embedded-m-dimensional-manifold-with-boundary,,Q1333611,FP,D4
def:lebesgue-integral,def:equivalent-metrics,,,FP,D4
def:lebesgue-integral,def:generate-a-topology,,,FP,D4
def:lebesgue-integral,def:graph-of-a-function,,Q182598,FP,D4
def:lebesgue-integral,def:hausdorff,,Q326908,FP,D4
def:lebesgue-integral,def:homeomorphism,,Q202906,FP,D4
def:lebesgue-integral,def:identity-component,,Q5988368,FP,D4
def:lebesgue-integral,def:interior-points-of-a-manifold,,Q862761,FP,D4
def:lebesgue-integral,def:isolated-point,,Q1142889,FP,D4
def:lebesgue-integral,def:isolated-singularity,,,FP,D4
def:lebesgue-integral,def:isometry,,Q740207,FP,D4
def:lebesgue-integral,def:locally-finite-measure,,Q2136937,FP,D4
def:lebesgue-integral,def:metric-space,,Q180953,FP,D4
def:lebesgue-integral,def:nowhere-dense,,Q1991405,FP,D4
def:lebesgue-integral,def:open,,Q213363,FP,D4
def:lebesgue-integral,def:orientable,,Q2748415,FP,D4
def:lebesgue-integral,def:orientation,,Q2748415,FP,D4
def:lebesgue-integral,def:partition-of-unity,,Q191690,FP,D4
def:lebesgue-integral,def:path-connected,,Q3487687,FP,D4
def:lebesgue-integral,def:regular-family,,,FP,D4
def:lebesgue-integral,def:riemann-integrable,,Q697181,FP,D4
def:lebesgue-integral,def:second-countable,,Q1363919,FP,D4
def:lebesgue-integral,def:sequence-convergence,,,FP,D4
def:lebesgue-integral,def:simply-connected,,Q912058,FP,D4
def:lebesgue-integral,def:singular-measure,,Q1824450,FP,D4
def:lebesgue-integral,def:smooth-topological-m-dimensional-manifold-with-boundary,,Q78338964,FP,D4
def:lebesgue-integral,def:symmetric-derivative,,Q3773126,FP,D4
def:lebesgue-integral,def:t0-space,,,FP,D4
def:lebesgue-integral,def:topological-basis,,,FP,D4
def:lebesgue-integral,def:topological-m-dimensional-manifold-with-boundary,,Q203920,FP,D4
def:lebesgue-integral,def:totally-bounded,,Q1362228,FP,D4
def:lebesgue-integral,def:uniformly-continuous,,Q741865,FP,D4
def:lebesgue-integral,def:vitali-covering,,Q3229352,FP,D4
def:left-ring-ideal,def:algebra-ideal,Q44649,,FP,D4
def:lie-algebra,def:abelianization,Q664495,Q318598,FP,D4
def:lie-algebra,def:algebra-ideal,Q664495,,FP,D4
def:lie-algebra,def:commutator-subgroup,Q664495,Q522216,FP,D4
def:lie-algebra,def:integral-domain,Q664495,Q628792,FP,D4
def:lie-algebra,def:isotypic-component,Q664495,Q17098238,FP,D4
def:lie-algebra,def:linear-lie-algebra,Q664495,Q16977077,FP,D4
def:lie-algebra,def:lower-central-series,Q664495,Q109314515,FP,D4
def:lie-algebra-homomorphism,def:field-embedding,Q3882299,,FP,D4
def:lie-algebra-homomorphism,def:group-representation,Q3882299,Q1055807,FP,D4
def:lie-algebra-homomorphism,def:homomorphism-of-lie-groups,Q3882299,Q868169,FP,D4
def:lie-algebra-homomorphism,def:induced-homomorphism-on-fundamental-group,Q3882299,,FP,D4
def:lie-algebra-homomorphism,def:isomorphism-of-group-representations,Q3882299,Q189112,FP,D4
def:lie-algebra-homomorphism,def:isomorphism-of-lie-groups,Q3882299,Q189112,FP,D4
def:lie-algebra-homomorphism,def:isotypic-component,Q3882299,Q17098238,FP,D4
def:lie-algebra-homomorphism,def:linearly-independent-group-elements,Q3882299,Q27670,FP,D4
def:lie-algebra-homomorphism,def:multiplicative-character,Q3882299,Q17099189,FP,D4
def:lie-algebra-homomorphism,def:pontryagin-dual,Q3882299,Q1632419,FP,D4
def:lie-algebra-homomorphism,def:semi-locally-simply-connected,Q3882299,Q7449310,FP,D4
def:lie-group,def:orthogonal-group,Q622679,Q1783179,FP,D4
def:lie-group,def:special-linear-group,Q622679,Q2140900,FP,D4
def:lie-group,def:special-orthogonal-group,Q622679,Q3117934,FP,D4
def:lie-group,def:special-unitary-group,Q622679,Q684363,FP,D4
def:lie-group,def:unitary-group,Q622679,Q1500617,FP,D4
def:linearly-independent,def:basis-for-abelian-group,Q27670,Q810193,FP,D4
def:locally-compact-group,def:locally-finite-graph,Q2147620,,FP,D4
def:locally-finite-cover,def:radon-measure,Q643300,Q2126650,FP,D4
def:manifold,def:orientable,Q203920,Q2748415,FP,D4
def:manifold,def:orientation,Q203920,Q2748415,FP,D4
def:manifold,def:oriented-manifold,Q203920,,FP,D4
def:manifold,def:outward-pointing,Q203920,Q2748415,FP,D4
def:manifold,def:smooth-topological-m-dimensional-manifold-with-boundary,Q203920,Q78338964,FP,D4
def:manifold,def:topological-m-dimensional-manifold-with-boundary,Q203920,Q203920,FP,D4
def:matrix,def:compact-symplectic-group,Q44337,Q78484790,FP,D4
def:matrix,def:complex-lie-group,Q44337,Q5156554,FP,D4
def:matrix,def:elementary-matrix,Q44337,Q609566,FP,D4
def:matrix,def:hessian-matrix,Q44337,Q620495,FP,D4
def:matrix,def:identity-component,Q44337,Q5988368,FP,D4
def:matrix,def:jacobian-determinant,Q44337,Q1474543,FP,D4
def:matrix,def:jacobian-matrix,Q44337,Q506041,FP,D4
def:matrix,def:matrix-lie-group,Q44337,Q622679,FP,D4
def:matrix,def:orthogonal-group,Q44337,Q1783179,FP,D4
def:matrix,def:special-linear-group,Q44337,Q2140900,FP,D4
def:matrix,def:symplectic-algebra,Q44337,,FP,D4
def:matrix,def:unitary-group,Q44337,Q1500617,FP,D4
def:matrix-multiplication,def:adjoint-of-a-linear-transformation,Q1049914,Q2858846,FP,D4
def:matrix-multiplication,def:component-interval,Q1049914,,FP,D4
def:matrix-multiplication,def:cycle-type,Q1049914,,FP,D4
def:matrix-multiplication,def:derivation,Q1049914,Q451323,FP,D4
def:matrix-multiplication,def:differential-k-form,Q1049914,Q1047080,FP,D4
def:matrix-multiplication,def:direct-sum-of-group-representations,Q1049914,Q13582243,FP,D4
def:matrix-multiplication,def:euclidean-inner-product,Q1049914,Q181365,FP,D4
def:matrix-multiplication,def:exterior-power-of-a-vector-space,Q1049914,Q13408581,FP,D4
def:matrix-multiplication,def:general-linear-algebra,Q1049914,Q17521172,FP,D4
def:matrix-multiplication,def:hermitian-inner-product,Q1049914,Q77583424,FP,D4
def:matrix-multiplication,def:hilbert-space,Q1049914,Q190056,FP,D4
def:matrix-multiplication,def:inner-product,Q1049914,Q23924662,FP,D4
def:matrix-multiplication,def:inner-product-space,Q1049914,Q214159,FP,D4
def:matrix-multiplication,def:l2-inner-product-on-group-functions,Q1049914,,FP,D4
def:matrix-multiplication,def:minor,Q1049914,Q1341061,FP,D4
def:matrix-multiplication,def:orthonormal,Q1049914,Q1411166,FP,D4
def:matrix-multiplication,def:positive-definite,Q1049914,Q1052034,FP,D4
def:matrix-multiplication,def:product-measure,Q1049914,Q1572094,FP,D4
def:matrix-multiplication,def:product-topology,Q1049914,,FP,D4
def:matrix-multiplication,def:rectangle,Q1049914,Q209,FP,D4
def:matrix-multiplication,def:rule-of-product,Q1049914,Q557624,FP,D4
def:matrix-multiplication,def:semidirect-product,Q1049914,Q291126,FP,D4
def:matrix-multiplication,def:subrectangle,Q1049914,,FP,D4
def:matrix-multiplication,def:symmetric-power-of-vector-spaces,Q1049914,,FP,D4
def:matrix-multiplication,def:tensor-product-of-group-representations,Q1049914,Q48995828,FP,D4
def:matrix-multiplication,def:tensor-product-of-lie-algebra-representations,Q1049914,Q48995828,FP,D4
def:matrix-multiplication,def:tensor-product-of-vector-spaces,Q1049914,,FP,D4
def:matrix-multiplication,def:topological-group,Q1049914,Q1046291,FP,D4
def:matrix-multiplication,def:unique-factorization-domain,Q1049914,Q1052579,FP,D4
def:matrix-multiplication,def:volume,Q1049914,Q39297,FP,D4
def:matrix-transpose,def:unitary-matrix,Q223683,Q727103,FP,D4
def:maximal-subgroup,def:hardy-littlewood-maximal-operator,Q16908484,,FP,D4
def:maximal-subgroup,def:radical-of-a-lie-algebra,Q16908484,,FP,D4
def:maximal-subgroup,def:smooth-topological-m-dimensional-manifold-with-boundary,Q16908484,Q78338964,FP,D4
def:maximal-subgroup,def:sylow-p-subgroup,Q16908484,Q78269866,FP,D4
def:measurable,def:almost-everywhere,,Q1139334,FP,D4
def:measurable,def:almost-uniform-convergence,,Q25377974,FP,D4
def:measurable,def:borel-function,,,FP,D4
def:measurable,def:bounded-measure-space,,,FP,D4
def:measurable,def:complex-line-integral,,,FP,D4
def:measurable,def:convergence-in-measure,,Q768656,FP,D4
def:measurable,def:essential-infimum,,Q1969054,FP,D4
def:measurable,def:essential-supremum,,Q1969054,FP,D4
def:measurable,def:haar-integral,,,FP,D4
def:measurable,def:hardy-littlewood-maximal-operator,,,FP,D4
def:measurable,def:l2-inner-product-on-group-functions,,,FP,D4
def:measurable,def:lebesgue-integral,,,FP,D4
def:measurable,def:lebesgue-measurable-function,,Q516776,FP,D4
def:measurable,def:locally-finite-measure,,Q2136937,FP,D4
def:measurable,def:lp-space,,Q305936,FP,D4
def:measurable,def:lusin-function,,Q1361393,FP,D4
def:measurable,def:p-norm,,,FP,D4
def:measurable,def:radon-measure,,Q2126650,FP,D4
def:measurable,def:regular,,Q1428110,FP,D4
def:measurable,def:symmetric-derivative,,Q3773126,FP,D4
def:measurable,def:vitali-covering,,Q3229352,FP,D4
def:measure-space,def:complex-line-integral,Q3058212,,FP,D4
def:measure-space,def:l2-inner-product-on-group-functions,Q3058212,,FP,D4
def:measure-space,def:lebesgue-measurable-function,Q3058212,Q516776,FP,D4
def:measure-space,def:negative-variation,Q3058212,,FP,D4
def:measure-space,def:positive-variation,Q3058212,,FP,D4
def:measure-space,def:regular-family,Q3058212,,FP,D4
def:measure-space,def:signed-measure,Q3058212,Q1764371,FP,D4
def:measure-space,def:simple-function,Q3058212,Q913022,FP,D4
def:measure-space,def:total-variation,Q3058212,Q1936288,FP,D4
def:measure-space,def:vitali-covering,Q3058212,Q3229352,FP,D4
def:module-over-a-ring,def:vector-space,Q18848,Q125977,FP,D4
def:multiplicative-norm,def:multiplicative-character,,Q17099189,FP,D4
def:multiplicative-norm,def:multiplicity-of-simple-module-in-semisimple-module,,,FP,D4
def:multiplicative-norm,def:prime-subfield,,,FP,D4
def:multiplicative-norm,def:quotient-of-lie-algebra-by-ideal,,Q2589508,FP,D4
def:multiplicative-norm,def:special-linear-group,,Q2140900,FP,D4
def:multiplicative-norm,def:topological-ring,,Q922339,FP,D4
def:multiplicative-norm,def:unitary-group,,Q1500617,FP,D4
def:neighborhood,def:partition-of-unity,Q2478475,Q191690,FP,D4
def:neighborhood,def:topological-m-dimensional-manifold-with-boundary,Q2478475,Q203920,FP,D4
def:normal-subgroup,def:galois-extension,Q743179,,FP,D4
def:normal-subgroup,def:normal-extension,Q743179,,FP,D4
def:normal-subgroup,def:normal-form-game,Q743179,Q1069099,FP,D4
def:normal-subgroup,def:upper-central-series,Q743179,,FP,D4
def:normal-subgroup,def:weyl-group,Q743179,Q768074,FP,D4
def:normalizer-of-a-group,def:abelianization,Q1761121,Q318598,FP,D4
def:normalizer-of-a-group,def:galois-extension,Q1761121,,FP,D4
def:normalizer-of-a-group,def:normal-extension,Q1761121,,FP,D4
def:normalizer-of-a-group,def:normal-form-game,Q1761121,Q1069099,FP,D4
def:normalizer-of-a-group,def:normal-series,Q1761121,,FP,D4
def:normalizer-of-a-group,def:quotient-by-normal-subgroup,Q1761121,Q1138961,FP,D4
def:normalizer-of-a-group,def:quotient-by-subgroup,Q1761121,Q1138961,FP,D4
def:normalizer-of-a-group,def:simple-group,Q1761121,Q571124,FP,D4
def:normalizer-of-a-group,def:upper-central-series,Q1761121,,FP,D4
def:open,def:opposite-topology,Q213363,,FP,D4
def:open,def:outward-pointing,Q213363,Q2748415,FP,D4
def:order-of-a-group,def:elementary-abelian-p-group,Q18408315,Q1017231,FP,D4
def:order-of-a-group,def:exponent-of-a-finite-group,Q18408315,Q32998717,FP,D4
def:order-of-a-group,def:lattice,Q18408315,,FP,D4
def:order-of-a-group,def:partially-ordered-set,Q18408315,,FP,D4
def:order-of-a-group,def:smooth,Q18408315,Q868473,FP,D4
def:order-of-a-group,def:torsion-subgroup,Q18408315,Q2293759,FP,D4
def:orientable,def:oriented-manifold,Q2748415,,FP,D4
def:orientable,def:outward-pointing,Q2748415,Q2748415,FP,D4
def:orientation,def:outward-pointing,Q2748415,Q2748415,FP,D4
def:orthogonal,def:complex-orthogonal-group,Q215067,,FP,D4
def:orthogonal,def:generalized-orthogonal-group,Q215067,,FP,D4
def:orthogonal,def:lorentz-group,Q215067,Q1334417,FP,D4
def:orthogonal,def:orthogonal-complement,Q215067,Q1780921,FP,D4
def:orthogonal,def:orthogonal-group,Q215067,Q1783179,FP,D4
def:orthogonal,def:special-orthogonal-group,Q215067,Q3117934,FP,D4
def:outer-measure,def:lebesgue-measure,Q258374,Q827230,FP,D4
def:partition-of-an-integer,def:bounded-variation,Q1082910,Q829653,FP,D4
def:partition-of-an-integer,def:lower-integral,Q1082910,,FP,D4
def:partition-of-an-integer,def:lower-sum,Q1082910,,FP,D4
def:partition-of-an-integer,def:mesh,Q1082910,,FP,D4
def:partition-of-an-integer,def:partition-of-unity,Q1082910,Q191690,FP,D4
def:partition-of-an-integer,def:stirling-numbers-of-the-second-kind,Q1082910,Q2601117,FP,D4
def:partition-of-an-integer,def:subinterval,Q1082910,,FP,D4
def:partition-of-an-integer,def:subrectangle,Q1082910,,FP,D4
def:partition-of-an-integer,def:upper-integral,Q1082910,,FP,D4
def:partition-of-an-integer,def:upper-sum,Q1082910,,FP,D4
def:perfect-field,def:gale-stewart-game,,Q4944906,FP,D4
def:perfect-field,def:topological-game,,Q7825035,FP,D4
def:permutation,def:alternating-group,Q161519,Q438814,FP,D4
def:permutation,def:sign-of-permutation,Q161519,Q1064405,FP,D4
def:permutation,def:symmetric-group,Q161519,Q849512,FP,D4
def:permutation,def:transposition,Q161519,Q2666112,FP,D4
def:prime-ideal,def:cyclotomic-polynomial,Q863912,,FP,D4
def:prime-ideal,def:elementary-abelian-p-group,Q863912,Q1017231,FP,D4
def:prime-ideal,def:p-group,Q863912,Q286972,FP,D4
def:prime-ideal,def:prime-number,Q863912,Q49008,FP,D4
def:prime-ideal,def:prime-subfield,Q863912,,FP,D4
def:prime-ideal,def:sylow-p-subgroup,Q863912,Q78269866,FP,D4
def:principal-ideal,def:isolated-singularity,Q44382,,FP,D4
def:principal-ideal,def:principal-part,Q44382,,FP,D4
def:projection,def:real-projective-space,Q519967,,FP,D4
def:proper-ring-ideal,def:simple-module,,Q956233,FP,D4
def:proper-ring-ideal,def:sylow-p-subgroup,,Q78269866,FP,D4
def:quadratic-field-extension,def:quadratic-integers,,Q803531,FP,D4
def:quotient-by-equivalence-relation,def:abelianization,Q3966112,Q318598,FP,D4
def:quotient-by-equivalence-relation,def:composition-series-of-a-group,Q3966112,Q2525646,FP,D4
def:quotient-by-equivalence-relation,def:exterior-power-of-a-vector-space,Q3966112,Q13408581,FP,D4
def:quotient-by-equivalence-relation,def:quotient-ring,Q3966112,Q619436,FP,D4
def:quotient-by-equivalence-relation,def:real-projective-space,Q3966112,,FP,D4
def:quotient-by-equivalence-relation,def:solvable-group,Q3966112,Q759832,FP,D4
def:quotient-by-equivalence-relation,def:symmetric-power-of-vector-spaces,Q3966112,,FP,D4
def:quotient-by-equivalence-relation,def:upper-central-series,Q3966112,,FP,D4
def:quotient-by-equivalence-relation,def:wedge-sum,Q3966112,Q1781358,FP,D4
def:quotient-by-equivalence-relation,def:weyl-group,Q3966112,Q768074,FP,D4
def:radical-of-a-lie-algebra,def:solvability-by-radicals,,,FP,D4
def:rank-of-a-finitely-generated-abelian-group,def:embedded-m-dimensional-manifold-with-boundary,Q1260803,Q1333611,FP,D4
def:rectangle,def:strong-differential-basis,Q209,,FP,D4
def:reduced-edge-path,def:complete-reducibility,,,FP,D4
def:reduced-edge-path,def:free-group,,Q431078,FP,D4
def:regular,def:radon-measure,Q1428110,Q2126650,FP,D4
def:regular,def:regular-family,Q1428110,,FP,D4
def:residue,def:typical,,,FP,D4
def:riemann-integrable,def:upper-integral,Q697181,,FP,D4
def:riemann-integrable,def:volume-of-compact-topological-space,Q697181,,FP,D4
def:riemann-integrable,def:winding-number,Q697181,,FP,D4
def:right-ring-ideal,def:algebra-ideal,Q44649,,FP,D4
def:ring-homomorphism,def:field-embedding,Q1194212,,FP,D4
def:ring-ideal,def:associate-elements-in-an-integral-domain,Q44649,,FP,D4
def:ring-ideal,def:descending-central-series,Q44649,Q109314515,FP,D4
def:ring-ideal,def:left-algebra-ideal,Q44649,,FP,D4
def:ring-ideal,def:noetherian-ring,Q44649,Q582271,FP,D4
def:ring-ideal,def:quotient-of-lie-algebra-by-ideal,Q44649,Q2589508,FP,D4
def:ring-ideal,def:radical-of-a-lie-algebra,Q44649,,FP,D4
def:ring-ideal,def:right-algebra-ideal,Q44649,,FP,D4
def:ring-ideal,def:simple-lie-algebra,Q44649,,FP,D4
def:ring-norm,def:absolute-convergence,Q110571247,Q332465,FP,D4
def:ring-norm,def:absolute-value,Q110571247,Q120812,FP,D4
def:ring-norm,def:banach-algebra,Q110571247,,FP,D4
def:ring-norm,def:banach-space,Q110571247,Q194397,FP,D4
def:ring-norm,def:characteristic-of-a-field,Q110571247,,FP,D4
def:ring-norm,def:compact-linear-transformation,Q110571247,Q1780743,FP,D4
def:ring-norm,def:dual-space,Q110571247,Q752487,FP,D4
def:ring-norm,def:hilbert-space,Q110571247,Q190056,FP,D4
def:ring-norm,def:multiplicative-norm,Q110571247,,FP,D4
def:ring-norm,def:noetherian-module,Q110571247,Q2444982,FP,D4
def:ring-norm,def:normed-linear-space,Q110571247,Q956437,FP,D4
def:ring-norm,def:orientation,Q110571247,Q2748415,FP,D4
def:ring-norm,def:orientation-preserving,Q110571247,,FP,D4
def:ring-norm,def:orthonormal,Q110571247,Q1411166,FP,D4
def:ring-norm,def:positive-definite,Q110571247,Q1052034,FP,D4
def:ring-norm,def:positive-variation,Q110571247,,FP,D4
def:ring-norm,def:unitary-transformation,Q110571247,Q2495534,FP,D4
def:ring-norm,def:weak-convergence,Q110571247,Q20850777,FP,D4
def:ring-norm,def:σ-finite,Q110571247,,FP,D4
def:ring-of-subsets,def:algebra-homomorphism,Q2064647,Q382497,FP,D4
def:ring-of-subsets,def:algebra-ideal,Q2064647,,FP,D4
def:ring-of-subsets,def:algebra-over-a-field,Q2064647,Q1000660,FP,D4
def:ring-of-subsets,def:algebraic-integer,Q2064647,,FP,D4
def:ring-of-subsets,def:annihilator-of-a-submodule,Q2064647,Q567083,FP,D4
def:ring-of-subsets,def:center-of-an-algebra,Q2064647,,FP,D4
def:ring-of-subsets,def:comaximal-ring-ideals,Q2064647,,FP,D4
def:ring-of-subsets,def:composition-series-of-a-module,Q2064647,Q2525646,FP,D4
def:ring-of-subsets,def:coprime,Q2064647,Q104752,FP,D4
def:ring-of-subsets,def:direct-sum-of-module-homomorphisms,Q2064647,,FP,D4
def:ring-of-subsets,def:direct-sum-of-modules,Q2064647,Q1142861,FP,D4
def:ring-of-subsets,def:discriminant,Q2064647,,FP,D4
def:ring-of-subsets,def:division-in-a-ring,Q2064647,Q1226939,FP,D4
def:ring-of-subsets,def:division-ring,Q2064647,Q650741,FP,D4
def:ring-of-subsets,def:elementary-symmetric-polynomials,Q2064647,,FP,D4
def:ring-of-subsets,def:euclidean-domain,Q2064647,Q867345,FP,D4
def:ring-of-subsets,def:field,Q2064647,Q190109,FP,D4
def:ring-of-subsets,def:field-embedding,Q2064647,,FP,D4
def:ring-of-subsets,def:finite-length-r-module,Q2064647,Q1761084,FP,D4
def:ring-of-subsets,def:finitely-generated-r-module,Q2064647,Q1340572,FP,D4
def:ring-of-subsets,def:fraction-ring,Q2064647,,FP,D4
def:ring-of-subsets,def:free-module,Q2064647,Q1292333,FP,D4
def:ring-of-subsets,def:gaussian-integers,Q2064647,Q724975,FP,D4
def:ring-of-subsets,def:general-linear-algebra,Q2064647,Q17521172,FP,D4
def:ring-of-subsets,def:generate-a-ring-ideal,Q2064647,,FP,D4
def:ring-of-subsets,def:generate-an-algebra-ideal,Q2064647,,FP,D4
def:ring-of-subsets,def:generate-an-r-module,Q2064647,Q25106477,FP,D4
def:ring-of-subsets,def:greatest-common-divisor,Q2064647,Q131752,FP,D4
def:ring-of-subsets,def:group-ring,Q2064647,Q2602722,FP,D4
def:ring-of-subsets,def:idempotent,Q2064647,Q2243424,FP,D4
def:ring-of-subsets,def:integral-domain,Q2064647,Q628792,FP,D4
def:ring-of-subsets,def:kernel-of-module-homomorphism,Q2064647,,FP,D4
def:ring-of-subsets,def:left-algebra-ideal,Q2064647,,FP,D4
def:ring-of-subsets,def:left-ring-ideal,Q2064647,Q44649,FP,D4
def:ring-of-subsets,def:linearly-independent,Q2064647,Q27670,FP,D4
def:ring-of-subsets,def:maximal-ring-ideal,Q2064647,Q1203540,FP,D4
def:ring-of-subsets,def:module-homomorphism,Q2064647,Q215111,FP,D4
def:ring-of-subsets,def:module-over-a-lie-algebra,Q2064647,Q18848,FP,D4
def:ring-of-subsets,def:module-over-a-ring,Q2064647,Q18848,FP,D4
def:ring-of-subsets,def:monic,Q2064647,,FP,D4
def:ring-of-subsets,def:nilpotent,Q2064647,Q840023,FP,D4
def:ring-of-subsets,def:noetherian-module,Q2064647,Q2444982,FP,D4
def:ring-of-subsets,def:noetherian-ring,Q2064647,Q582271,FP,D4
def:ring-of-subsets,def:polynomial-ring,Q2064647,Q1455652,FP,D4
def:ring-of-subsets,def:power-series,Q2064647,,FP,D4
def:ring-of-subsets,def:prime-ideal,Q2064647,Q863912,FP,D4
def:ring-of-subsets,def:principal-ideal,Q2064647,Q44382,FP,D4
def:ring-of-subsets,def:product-of-ring-ideals,Q2064647,,FP,D4
def:ring-of-subsets,def:projection,Q2064647,Q519967,FP,D4
def:ring-of-subsets,def:proper-ring-ideal,Q2064647,,FP,D4
def:ring-of-subsets,def:quotient-of-modules,Q2064647,Q1432554,FP,D4
def:ring-of-subsets,def:quotient-ring,Q2064647,Q619436,FP,D4
def:ring-of-subsets,def:rank-of-a-module,Q2064647,,FP,D4
def:ring-of-subsets,def:right-algebra-ideal,Q2064647,,FP,D4
def:ring-of-subsets,def:right-ring-ideal,Q2064647,Q44649,FP,D4
def:ring-of-subsets,def:ring-homomorphism,Q2064647,Q1194212,FP,D4
def:ring-of-subsets,def:ring-ideal,Q2064647,Q44649,FP,D4
def:ring-of-subsets,def:ring-norm,Q2064647,Q110571247,FP,D4
def:ring-of-subsets,def:rng,Q2064647,Q17102802,FP,D4
def:ring-of-subsets,def:semisimple-module,Q2064647,Q1485102,FP,D4
def:ring-of-subsets,def:simple-module,Q2064647,Q956233,FP,D4
def:ring-of-subsets,def:submodule,Q2064647,Q2498094,FP,D4
def:ring-of-subsets,def:sum-of-modules,Q2064647,,FP,D4
def:ring-of-subsets,def:sum-of-ring-ideals,Q2064647,,FP,D4
def:ring-of-subsets,def:topological-field,Q2064647,Q10260753,FP,D4
def:ring-of-subsets,def:topological-ring,Q2064647,Q922339,FP,D4
def:ring-of-subsets,def:unit-of-a-ring,Q2064647,Q118084,FP,D4
def:ring-of-subsets,def:unital-subring,Q2064647,Q929536,FP,D4
def:ring-of-subsets,def:zero-divisor,Q2064647,Q828111,FP,D4
def:semisimple-module,def:semisimple-representation-of-a-lie-algebra,Q1485102,Q81376506,FP,D4
def:separable-polynomial,def:galois-extension,,,FP,D4
def:sign-of-permutation,def:negative-variation,Q1064405,,FP,D4
def:sign-of-permutation,def:positive-variation,Q1064405,,FP,D4
def:sign-of-permutation,def:schur-polynomials,Q1064405,,FP,D4
def:sign-of-permutation,def:signed-measure,Q1064405,Q1764371,FP,D4
def:sign-of-permutation,def:total-variation,Q1064405,Q1936288,FP,D4
def:simple-group,def:degree-of-field-extension,Q571124,,FP,D4
def:simple-group,def:isotypic-component,Q571124,Q17098238,FP,D4
def:simple-group,def:lebesgue-integral-of-a-simple-function,Q571124,,FP,D4
def:simple-group,def:multiplicity-of-simple-module-in-semisimple-module,Q571124,,FP,D4
def:simple-group,def:semisimple-module,Q571124,Q1485102,FP,D4
def:simple-group,def:simple-function,Q571124,Q913022,FP,D4
def:simple-group,def:simple-region,Q571124,,FP,D4
def:singular-measure,def:isolated-singularity,Q1824450,,FP,D4
def:solvable-group,def:radical-of-a-lie-algebra,Q759832,,FP,D4
def:solvable-group,def:solvability-by-radicals,Q759832,,FP,D4
def:subgroup,def:abelianization,Q466109,Q318598,FP,D4
def:subgroup,def:derived-series-of-a-group,Q466109,,FP,D4
def:subgroup,def:matrix-lie-group,Q466109,Q622679,FP,D4
def:subgroup,def:quotient-by-normal-subgroup,Q466109,Q1138961,FP,D4
def:sum-of-modules,def:absolute-convergence,,Q332465,FP,D4
def:sum-of-modules,def:comaximal-ring-ideals,,,FP,D4
def:sum-of-modules,def:complete-reducibility,,,FP,D4
def:sum-of-modules,def:cycle-type,,,FP,D4
def:sum-of-modules,def:direct-sum-decomposition-of-a-lie-algebra,,Q13582243,FP,D4
def:sum-of-modules,def:direct-sum-of-group-representations,,Q13582243,FP,D4
def:sum-of-modules,def:direct-sum-of-lie-algebras,,Q13582243,FP,D4
def:sum-of-modules,def:direct-sum-of-module-homomorphisms,,,FP,D4
def:sum-of-modules,def:isotypic-component,,Q17098238,FP,D4
def:sum-of-modules,def:laplacian,,Q203484,FP,D4
def:sum-of-modules,def:lower-integral,,,FP,D4
def:sum-of-modules,def:lower-sum,,,FP,D4
def:sum-of-modules,def:measure-zero,,Q1201815,FP,D4
def:sum-of-modules,def:multiplicity-of-simple-module-in-semisimple-module,,,FP,D4
def:sum-of-modules,def:rule-of-sum,,Q2360148,FP,D4
def:sum-of-modules,def:semisimple-representation-of-a-lie-algebra,,Q81376506,FP,D4
def:sum-of-modules,def:upper-integral,,,FP,D4
def:sum-of-modules,def:upper-sum,,,FP,D4
def:sum-of-modules,def:wedge-sum,,Q1781358,FP,D4
def:support,def:partition-of-unity,Q1136376,Q191690,FP,D4
def:support,def:schwartz-space,Q1136376,Q1369621,FP,D4
def:supremum,def:essential-infimum,,Q1969054,FP,D4
def:supremum,def:essential-supremum,,Q1969054,FP,D4
def:supremum,def:essentially-bounded,,Q1969054,FP,D4
def:symmetric,def:alternating-group,Q621461,Q438814,FP,D4
def:symmetric,def:automorphism-group,Q621461,Q60790315,FP,D4
def:symmetric,def:baire-property,Q621461,Q803931,FP,D4
def:symmetric,def:cycle,Q621461,Q212130,FP,D4
def:symmetric,def:cycle-type,Q621461,,FP,D4
def:symmetric,def:faithful-group-action,Q621461,,FP,D4
def:symmetric,def:group-action,Q621461,Q288465,FP,D4
def:symmetric,def:schur-polynomials,Q621461,,FP,D4
def:symmetric,def:symmetric-derivative,Q621461,Q3773126,FP,D4
def:symmetric,def:symmetric-difference,Q621461,Q1147242,FP,D4
def:symmetric,def:symmetric-group,Q621461,Q849512,FP,D4
def:symmetric,def:symmetric-power-of-group-representations,Q621461,Q55643402,FP,D4
def:symmetric,def:symmetric-power-of-vector-spaces,Q621461,,FP,D4
def:symmetric,def:young-subgroup,Q621461,,FP,D4
def:tensor-product-of-lie-algebra-representations,def:exterior-power-of-a-vector-space,Q48995828,Q13408581,FP,D4
def:tensor-product-of-lie-algebra-representations,def:symmetric-power-of-vector-spaces,Q48995828,,FP,D4
def:topological-space,def:wedge-sum,Q179899,Q1781358,FP,D4
def:transitive,def:orbit,Q64861,Q17859776,FP,D4
def:transitive,def:smooth-topological-m-dimensional-manifold-with-boundary,Q64861,Q78338964,FP,D4
def:transitive,def:transition-function,Q64861,,FP,D4
def:unit-of-a-ring,def:cantor-set,Q118084,Q273188,FP,D4
def:unit-of-a-ring,def:compact-linear-transformation,Q118084,Q1780743,FP,D4
def:unit-of-a-ring,def:path,Q118084,Q1366002,FP,D4
def:unit-of-a-ring,def:real-projective-space,Q118084,,FP,D4
def:unit-of-a-ring,def:special-orthogonal-group,Q118084,Q3117934,FP,D4
def:unit-of-a-ring,def:special-unitary-group,Q118084,Q684363,FP,D4
def:unit-of-a-ring,def:unital-subring,Q118084,Q929536,FP,D4
def:unitary-matrix,def:compact-symplectic-group,Q727103,Q78484790,FP,D4
def:vector-space,def:direct-sum-decomposition-of-a-lie-algebra,Q125977,Q13582243,FP,D4
def:vector-space,def:exterior-power-of-group-representations,Q125977,Q13408581,FP,D4
def:vector-space,def:multilinear,Q125977,,FP,D4
def:vector-space,def:symmetric-power-of-group-representations,Q125977,Q55643402,FP,D4
def:vector-space,def:tensor-product-of-group-representations,Q125977,Q48995828,FP,D4
def:vector-space,def:tensor-product-of-vector-spaces,Q125977,,FP,D4
def:volume,def:centroid,Q39297,Q511093,FP,D4
def:weak-convergence,def:weak-hausdorff,Q20850777,Q7977932,FP,D4
